first_name,last_name,trail_ID,date_,email,message
Greg,Sim,1,6/15/18,,
Alphonso,Banvelos,2,5/25/18,AlphonsoBanvelos@gmail.com,
Jeannie,Belcher,3,4/27/18,JeannieBelcher@aol.com,
Dorinda,Frawley,4,5/15/18,DorindaFrawley@yahoo.com,
Janey,Villeda,5,6/2/18,JaneyVilleda@gmail.com,
Chas,Fouch,6,7/6/18,ChasFouch@aol.com,
Lana,Trott,7,7/6/18,LanaTrott@yahoo.com,
Elene,Kubiak,8,7/6/18,EleneKubiak@gmail.com,slick
Gaston,Pippen,9,7/22/18,GastonPippen@aol.com,
Darwin,Mccarthy,10,6/3/18,DarwinMccarthy@yahoo.com,
Flor,Ciulla,11,8/1/18,FlorCiulla@gmail.com,
Maida,Heidler,12,9/20/18,MaidaHeidler@aol.com,
Katharyn,Pledger,13,4/30/18,KatharynPledger@yahoo.com,
Nicole,Mcgahee,14,6/6/18,NicoleMcgahee@gmail.com,
Kristel,Trim,15,8/8/18,KristelTrim@aol.com,
Renay,Scheerer,16,9/9/18,RenayScheerer@gmail.com,
Noemi,Mullican,17,10/1/18,NoemiMullican@aol.com,
Maribel,Rickett,18,4/27/18,MaribelRickett@yahoo.com,
Reyna,Casale,19,5/4/18,ReynaCasale@gmail.com,
Makeda,Rothenberger,20,5/20/18,MakedaRothenberger@aol.com,
Dylan,Lueck,21,6/20/18,DylanLueck@yahoo.com,
Kayleigh,Re,22,6/22/18,KayleighRe@gmail.com,
Jewell,Maynard,23,8/31/18,JewellMaynard@aol.com,
Gonzalo,Luter,24,7/7/18,GonzaloLuter@yahoo.com,
Etta,Augustine,25,5/30/18,EttaAugustine@gmail.com,
Glennis,Libby,26,5/17/18,GlennisLibby@aol.com,
Gussie,Whitsett,27,4/19/18,GussieWhitsett@yahoo.com,
Jamel,Valletta,28,10/6/18,JamelValletta@gmail.com,great trail
Clarine,Bodnar,29,9/4/18,ClarineBodnar@aol.com,
Marvin,Carico,30,8/22/18,MarvinCarico@gmail.com,
Edgardo,Linwood,31,8/10/18,EdgardoLinwood@aol.com,
,,32,6/29/18,,
,,33,7/9/18,,
,,34,5/17/18,,
,,35,6/2/18,,
,,36,4/30/18,,
,,37,9/4/18,,
,,38,9/9/18,,
,,39,7/6/18,,
,,40,7/6/18,,
,,41,8/31/18,,
,,42,9/9/18,,
Susan,Hennig,43,10/6/18,,
Phylis,Higginson,44,6/3/18,,
Cecelia,Evers,45,8/10/18,,be careful
Santa,Hazelrigg,46,7/22/18,,
Melvin,Murdoch,47,8/1/18,,
Sherley,Goggin,48,8/31/18,,
Janine,Sheridan,49,10/1/18,,
Raquel,Merz,50,5/17/18,,
Xavier,Sok,51,7/6/18,,slick trail
Anamaria,Magyar,52,9/4/18,,
Argentina,Knaub,53,4/27/18,,
Rodger,Grinstead,54,7/22/18,,slick trail
Starr,Brennen,55,9/9/18,,
Neal,Devenport,56,8/1/18,,
Marcos,Ellenburg,57,8/1/18,,slick in some spots
Noriko,Ringwood,58,4/27/18,,
Vasiliki,Lussier,59,7/9/18,,
Joye,Petterson,60,5/30/18,,
Melania,Leader,61,5/15/18,,
Virgilio,Schack,62,7/6/18,,
Rasheeda,Blassingame,1,6/7/19,,
Raymon,Jang,2,4/20/19,,
Argelia,Walts,3,5/4/19,,
Addie,Mcsweeney,4,8/8/19,,
Galina,Dahlberg,5,4/15/19,,
Traci,Spillane,6,7/16/19,,great trail
Jeana,Culley,7,6/22/19,,
Madie,Barrus,8,5/22/19,,
Hildegarde,Redel,9,5/5/19,,
Lissa,Gent,10,6/6/19,,
Johnson,Hadnot,11,7/7/19,,
Ernest,Cory,12,8/1/19,,
Ardath,Kimsey,13,4/30/19,,
Sharleen,Lampkins,14,5/9/19,,
Tianna,Grillo,15,5/24/19,,
Bernie,Dunlap,16,6/6/19,,slick
Hildred,Cerrato,17,6/7/19,,
Timika,Kitch,18,6/20/19,,
Jannie,Buesing,19,7/4/19,,
Cleo,Eager,20,7/7/19,,
Lashell,Johansson,21,7/25/19,,slick in some spots
Letitia,Stemen,22,8/9/19,,
Marcela,Agnew,23,7/26/19,,
Angelica,Kaufmann,24,4/22/19,,
Tyesha,Yantis,25,6/27/19,,
Sterling,Doman,26,8/4/19,,
Molly,Joslyn,27,7/19/19,,
Rae,Parkinson,28,5/8/19,,
Mariela,Laughter,29,6/22/19,,
Lennie,Bradish,30,5/5/19,,slick
,,31,5/5/19,,
,,32,6/7/19,,
,,33,8/8/19,,
,,34,7/7/19,,
,,35,4/15/19,,
,,36,7/19/19,,
,,37,6/20/19,,
Rebecca,Ohearn,38,5/9/19,RebeccaOhearn@gmail.com,
Jennine,Cassella,39,7/7/19,JennineCassella@gmail.com,
Joye,Schommer,40,8/4/19,JoyeSchommer@aol.com,slick
Dalene,Pauling,41,8/1/19,DalenePauling@yahoo.com,
Korey,Pieper,42,6/22/19,KoreyPieper@gmail.com,
Alberta,Coots,43,5/5/19,AlbertaCoots@aol.com,
Marylynn,Berke,44,6/22/19,MarylynnBerke@yahoo.com,
Emery,Agosto,45,7/26/19,EmeryAgosto@gmail.com,
Tatum,Brownfield,46,6/27/19,TatumBrownfield@aol.com,
Johnathan,Lough,47,7/7/19,JohnathanLough@yahoo.com,slick
,,48,8/1/19,,slick
,,49,4/30/19,,slick
,,50,7/26/19,,
,,51,4/30/19,,
,,52,5/9/19,,
,,53,6/20/19,,
,,54,8/1/19,,
,,55,6/22/19,,
,,56,6/7/19,,
,,57,5/9/19,,
Bradley,Beauchemin,58,5/8/19,BradleyBeauchemin@gmail.com,
Earline,Kalinowski,59,7/16/19,EarlineKalinowski@aol.com,
Gudrun,Jurgens,60,6/6/19,GudrunJurgens@yahoo.com,
Gregorio,Leath,61,6/7/19,GregorioLeath@gmail.com,
Shakita,Robledo,62,5/5/19,ShakitaRobledo@aol.com,